,Sample_number,Text_id,Sampled_date,T_site,T_plant,Sampling_point,CH4(ppm),H2(ppm),C2H2(ppm),C2H4(ppm),C2H6(ppm),CO(ppm),CO2(ppm),TDCG(ppm),Condition,Fault
0,10735333.0,OIL/NGP-DHC-SUB-55ETDC055001/011117@1159,11/28/2016 0:00,NMD,DHC_ELE_NMD,55ETDC055001_NMD,1.0,12.0,0.0,3.0,0.0,59.0,1619.0,75.0,1.0,No fault
1,10777576.0,OIL/NGU-IOP-ETP-SUB-80XD0011/141117@1801,11/28/2016 0:00,NMD,IWWTP_ELE_NMD,80XD0011_NMD,1.0,7.0,0.0,2.0,0.0,61.0,1634.0,71.0,1.0,No fault
2,10777591.0,OIL/NGU-IOP-ETP-SUB-80XD0012/141117@1801,11/28/2016 0:00,NMD,IWWTP_ELE_NMD,80XD0012_NMD,1.0,6.0,0.0,1.0,0.0,36.0,1514.0,44.0,1.0,No fault
3,10777595.0,OIL/NGU-IOP-ETP-SUB-80XD0013/141117@1801,11/28/2016 0:00,NMD,IWWTP_ELE_NMD,80XD0013_NMD,1.0,9.0,0.0,3.0,0.0,63.0,1172.0,76.0,1.0,No fault
4,10777600.0,OIL/NGU-IOP-ETP-SUB-80XD0014/141117@1801,11/28/2016 0:00,NMD,IWWTP_ELE_NMD,80XD0014_NMD,1.0,12.0,0.0,3.0,0.0,116.0,2206.0,132.0,1.0,No fault
5,10783177.0,OIL/NGU-IOP-SUB-SS7-70XD0101/151117@1255,11/28/2016 0:00,NMD,ONU_ELE_NMD,70XD0101_NMD,1.0,16.0,0.0,2.0,0.0,27.0,1339.0,46.0,1.0,No fault
6,10783259.0,OIL/NGU-IOP-SUB-SS7-70XD0102/151117@1255,11/28/2016 0:00,NMD,ONU_ELE_NMD,70XD0102_NMD,1.0,11.0,5.0,2.0,0.0,23.0,1151.0,42.0,2.0,Need Resampling
7,10783307.0,OIL/NGU-IOP-SUB-SS7-70XD0201/151117@1255,11/28/2016 0:00,NMD,ONU_ELE_NMD,70XD0201_NMD,1.0,17.0,0.0,3.0,0.0,47.0,1910.0,68.0,1.0,No fault
8,10783361.0,OIL/NGU-IOP-SUB-SS7-70XD02010/151117@1255,11/28/2016 0:00,NMD,ONU_ELE_NMD,70XD02010_NMD,1.0,17.0,0.0,6.0,0.0,141.0,1307.0,165.0,1.0,No fault
9,10783386.0,OIL/NGU-IOP-SUB-SS7-70XD0202/151117@1255,11/28/2016 0:00,NMD,ONU_ELE_NMD,70XD0202_NMD,1.0,16.0,0.0,3.0,0.0,33.0,2149.0,53.0,1.0,No fault
10,10783408.0,OIL/NGU-IOP-SUB-SS7-70XD0209/151117@1255,11/28/2016 0:00,NMD,ONU_ELE_NMD,70XD0209_NMD,2.0,21.0,0.0,5.0,0.0,196.0,1565.0,224.0,1.0,No fault
11,10783427.0,OIL/NGU-IOP-SUB-SS7-70XD0203/151117@1255,11/28/2016 0:00,NMD,ONU_ELE_NMD,70XD0203_NMD,1.0,18.0,0.0,1.0,0.0,33.0,2204.0,53.0,1.0,No fault
12,10783446.0,OIL/NGU-IOP-SUB-SS7-70XD0204/151117@1255,11/28/2016 0:00,NMD,ONU_ELE_NMD,70XD0204_NMD,1.0,17.0,0.0,2.0,0.0,39.0,2320.0,59.0,1.0,No fault
13,10783456.0,OIL/NGU-IOP-SUB-SS7-70XD0205/151117@1255,11/28/2016 0:00,NMD,ONU_ELE_NMD,70XD0205_NMD,1.0,17.0,0.0,2.0,0.0,50.0,2580.0,70.0,2.0,Need Resampling
14,10783460.0,OIL/NGU-IOP-SUB-SS7-70XD0206/151117@1255,11/28/2016 0:00,NMD,ONU_ELE_NMD,70XD0206_NMD,1.0,15.0,0.0,2.0,0.0,49.0,2974.0,67.0,2.0,Need Resampling
15,10735389.0,OIL/NGP-DHC-SUB-55ETDC055001/081117@0000,7/15/2015 0:00,NMD,DHC_ELE_NMD,55ETDC055001_NMD,2.0,14.0,0.0,10.0,1.0,228.0,3983.0,255.0,2.0,Need Resampling
16,10768734.0,OIL/NGU-ASP-SUB-71XD02004/131117@1246,7/15/2015 0:00,NMD,N2O2_ELE_NMD,71XD02004_NMD,3.0,27.0,0.0,4.0,3.0,394.0,3690.0,431.0,2.0,Need Resampling
17,10784742.0,OIL/NGY-PE1-SUB-20XD001/151117@1839,7/15/2015 0:00,NMD,LLD_ELE_NMD,20XD001_NMD,3.0,22.0,0.0,5.0,2.0,185.0,3985.0,217.0,2.0,Need Resampling
18,10784755.0,OIL/NGY-PE1-SUB-20XD002/151117@1839,7/15/2015 0:00,NMD,LLD_ELE_NMD,20XD002_NMD,1.0,45.0,0.0,4.0,1.0,83.0,3251.0,134.0,2.0,Need Resampling
19,10784763.0,OIL/NGY-PE1-SUB-20XD022/151117@1839,7/15/2015 0:00,NMD,LLD_ELE_NMD,20XD022_NMD,7.0,16.0,0.0,2.0,3.0,997.0,6236.0,1025.0,3.0,Need Resampling
20,10784769.0,OIL/NGY-PE1-SUB-20XD003/151117@1839,7/15/2015 0:00,NMD,LLD_ELE_NMD,20XD003_NMD,2.0,26.0,0.0,8.0,1.0,136.0,3489.0,173.0,2.0,Need Resampling
21,10784777.0,OIL/NGY-PE1-SUB-20XD004/151117@1839,7/15/2015 0:00,NMD,LLD_ELE_NMD,20XD004_NMD,2.0,16.0,0.0,11.0,2.0,192.0,3089.0,223.0,2.0,Need Resampling
22,10784783.0,OIL/NGY-PE1-SUB-20XD005/151117@1839,7/15/2015 0:00,NMD,LLD_ELE_NMD,20XD005_NMD,5.0,17.0,0.0,6.0,2.0,363.0,6457.0,393.0,3.0,Need Resampling
23,10784789.0,OIL/NGY-PE1-SUB-20XD006/151117@1839,7/15/2015 0:00,NMD,LLD_ELE_NMD,20XD006_NMD,3.0,17.0,2.0,4.0,1.0,190.0,3900.0,217.0,2.0,Need Resampling
24,10784794.0,OIL/NGY-PE1-SUB-20XD007/151117@1839,7/15/2015 0:00,NMD,LLD_ELE_NMD,20XD007_NMD,2.0,40.0,2.0,20.0,3.0,87.0,2959.0,154.0,2.0,Need Resampling
25,10784798.0,OIL/NGY-PE1-SUB-20XD008/151117@1839,7/15/2015 0:00,NMD,LLD_ELE_NMD,20XD008_NMD,11.0,25.0,1.0,49.0,5.0,128.0,2693.0,219.0,2.0,Need Resampling
26,10784814.0,OIL/NGY-PE1-SUB-20XD014/151117@1839,7/15/2015 0:00,NMD,LLD_ELE_NMD,20XD014_NMD,2.0,54.0,2.0,11.0,3.0,99.0,3745.0,171.0,2.0,Need Resampling
27,10784818.0,OIL/NGY-PE1-SUB-20XD015/151117@1839,7/15/2015 0:00,NMD,LLD_ELE_NMD,20XD015_NMD,2.0,6.0,0.0,5.0,1.0,297.0,3918.0,311.0,2.0,Need Resampling
28,10735396.0,OIL/NGM-EOG-SUB-50XD00001/011117@0000,11/27/2016 0:00,NMD,EO-EG_ELE_NMD,50XD00001_NMD,1.0,11.0,0.0,3.0,0.0,43.0,1965.0,58.0,1.0,No fault
29,10735406.0,OIL/NGM-EOG-SUB-50XD00002/011117@0000,11/27/2016 0:00,NMD,EO-EG_ELE_NMD,50XD00002_NMD,1.0,9.0,0.0,2.0,0.0,33.0,1857.0,45.0,1.0,No fault
30,10735416.0,OIL/NGM-EOG-SUB-50XD00003/011117@0000,11/27/2016 0:00,NMD,EO-EG_ELE_NMD,50XD00003_NMD,1.0,11.0,0.0,2.0,0.0,137.0,2600.0,151.0,2.0,Need Resampling
31,10735427.0,OIL/NGM-EOG-SUB-50XD00004/011117@0000,11/27/2016 0:00,NMD,EO-EG_ELE_NMD,50XD00004_NMD,3.0,15.0,0.0,3.0,0.0,295.0,5346.0,316.0,3.0,Need Resampling
32,10768662.0,OIL/NGU-ASP-SUB-71XD02001/131117@1246,11/27/2016 0:00,NMD,N2O2_ELE_NMD,71XD02001_NMD,1.0,9.0,0.0,5.0,0.0,41.0,2063.0,56.0,1.0,No fault
33,10768674.0,OIL/NGU-ASP-SUB-71XD02002/131117@1246,11/27/2016 0:00,NMD,N2O2_ELE_NMD,71XD02002_NMD,1.0,10.0,0.0,2.0,0.0,64.0,2989.0,77.0,2.0,Need Resampling
34,10768693.0,OIL/NGU-ASP-SUB-71XD02003/131117@1246,11/27/2016 0:00,NMD,N2O2_ELE_NMD,71XD02003_NMD,1.0,17.0,0.0,3.0,1.0,144.0,1454.0,166.0,1.0,No fault
35,10770545.0,OIL/NGU-ASP-SUB-71XD01001/131117@2002,11/27/2016 0:00,NMD,N2O2_ELE_NMD,71XD01001_NMD,67.0,13.0,1.0,444.0,96.0,32.0,1053.0,653.0,4.0,Severe Overheating
36,10770556.0,OIL/NGU-ASP-SUB-71XD01002/131117@2002,11/27/2016 0:00,NMD,N2O2_ELE_NMD,71XD01002_NMD,4.0,10.0,0.0,50.0,6.0,48.0,1300.0,118.0,1.0,No fault
37,10777440.0,OIL/NGP-CKR-SUB-10XD001/141117@1801,11/27/2016 0:00,NMD,GC_ELE_NMD,10XD001_NMD,1.0,7.0,0.0,1.0,0.0,50.0,3328.0,59.0,2.0,Need Resampling
38,10777447.0,OIL/NGP-CKR-SUB-10XD002/141117@1801,11/27/2016 0:00,NMD,GC_ELE_NMD,10XD002_NMD,1.0,4.0,0.0,0.0,0.0,32.0,2203.0,37.0,1.0,No fault
39,10777486.0,OIL/NGP-CKR-SUB-10XD003/141117@1801,11/27/2016 0:00,NMD,GC_ELE_NMD,10XD003_NMD,1.0,13.0,0.0,0.0,0.0,212.0,1936.0,226.0,1.0,No fault
40,10777489.0,OIL/NGP-CKR-SUB-10XD004/141117@1801,11/27/2016 0:00,NMD,GC_ELE_NMD,10XD004_NMD,1.0,3.0,0.0,0.0,0.0,43.0,3121.0,47.0,2.0,Need Resampling
41,10777499.0,OIL/NGP-CKR-SUB-10XD005/141117@1801,11/27/2016 0:00,NMD,GC_ELE_NMD,10XD005_NMD,1.0,2.0,0.0,2.0,0.0,30.0,1552.0,35.0,1.0,No fault
42,10777504.0,OIL/NGP-CKR-SUB-10XD006/141117@1801,11/27/2016 0:00,NMD,GC_ELE_NMD,10XD006_NMD,1.0,2.0,0.0,2.0,0.0,34.0,2082.0,39.0,1.0,No fault
43,10777515.0,OIL/NGP-CKR-SUB-10XD007/141117@1801,11/27/2016 0:00,NMD,GC_ELE_NMD,10XD007_NMD,1.0,8.0,0.0,3.0,0.0,139.0,2344.0,151.0,1.0,No fault
44,10777524.0,OIL/NGP-CKR-SUB-10XD008/141117@1801,11/27/2016 0:00,NMD,GC_ELE_NMD,10XD008_NMD,8.0,6.0,0.0,3.0,4.0,155.0,1336.0,176.0,1.0,No fault
45,10777528.0,OIL/NGO-OSP-OSB-SUB-80XD001/141117@1801,11/27/2016 0:00,NMD,GC_ELE_NMD,80XD001_NMD,2.0,10.0,0.0,2.0,0.0,171.0,4296.0,185.0,3.0,Need Resampling
46,10777534.0,OIL/NGO-OSP-OSB-SUB-80XD002/141117@1801,11/27/2016 0:00,NMD,GC_ELE_NMD,80XD002_NMD,1.0,12.0,0.0,1.0,0.0,132.0,2436.0,146.0,1.0,No fault
47,10777549.0,OIL/NGO-OSP-OSB-SUB-80XD003/141117@1801,11/27/2016 0:00,NMD,GC_ELE_NMD,80XD003_NMD,1.0,8.0,0.0,2.0,0.0,104.0,1796.0,115.0,1.0,No fault
48,10777558.0,OIL/NGO-OSP-OSB-SUB-80XD004/141117@1801,11/27/2016 0:00,NMD,GC_ELE_NMD,80XD004_NMD,1.0,9.0,0.0,1.0,0.0,57.0,1730.0,68.0,1.0,No fault
49,10777567.0,OIL/NGO-OSP-OSB-SUB-80XD005/141117@1801,11/27/2016 0:00,NMD,GC_ELE_NMD,80XD005_NMD,13.0,4.0,0.0,18.0,0.0,156.0,1646.0,191.0,1.0,No fault
50,10768733.0,OIL/NGU-ASP-SUB-71XD02004/131117@1246,11/27/2016 0:00,NMD,N2O2_ELE_NMD,71XD02004_NMD,1.0,12.0,0.0,2.0,1.0,87.0,2318.0,103.0,1.0,No fault
51,10735397.0,OIL/NGM-EOG-SUB-50XD00001/051117@0000,7/14/2015 0:00,NMD,EO-EG_ELE_NMD,50XD00001_NMD,4.0,44.0,6.0,9.0,1.0,116.0,3759.0,180.0,2.0,Need Resampling
52,10735408.0,OIL/NGM-EOG-SUB-50XD00002/051117@0000,7/14/2015 0:00,NMD,EO-EG_ELE_NMD,50XD00002_NMD,2.0,4.0,0.0,4.0,1.0,102.0,4355.0,113.0,3.0,Need Resampling
53,10735422.0,OIL/NGM-EOG-SUB-50XD00003/051117@0000,7/14/2015 0:00,NMD,EO-EG_ELE_NMD,50XD00003_NMD,4.0,15.0,0.0,4.0,1.0,275.0,3824.0,299.0,2.0,Need Resampling
54,10735429.0,OIL/NGM-EOG-SUB-50XD00004/051117@0000,7/14/2015 0:00,NMD,EO-EG_ELE_NMD,50XD00004_NMD,3.0,20.0,0.0,5.0,1.0,318.0,4287.0,347.0,3.0,Need Resampling
55,10768664.0,OIL/NGU-ASP-SUB-71XD02001/131117@1246,7/14/2015 0:00,NMD,N2O2_ELE_NMD,71XD02001_NMD,3.0,7.0,0.0,10.0,1.0,293.0,4044.0,314.0,3.0,Need Resampling
56,10768675.0,OIL/NGU-ASP-SUB-71XD02002/131117@1246,7/14/2015 0:00,NMD,N2O2_ELE_NMD,71XD02002_NMD,2.0,3.0,0.0,3.0,1.0,166.0,4398.0,175.0,3.0,Need Resampling
57,10768694.0,OIL/NGU-ASP-SUB-71XD02003/131117@1246,7/14/2015 0:00,NMD,N2O2_ELE_NMD,71XD02003_NMD,4.0,17.0,1.0,6.0,2.0,395.0,3097.0,425.0,2.0,Need Resampling
58,10770547.0,OIL/NGU-ASP-SUB-71XD01001/131117@2002,7/14/2015 0:00,NMD,N2O2_ELE_NMD,71XD01001_NMD,2.0,9.0,0.0,8.0,1.0,169.0,2118.0,189.0,1.0,No fault
59,10770557.0,OIL/NGU-ASP-SUB-71XD01002/131117@2002,7/14/2015 0:00,NMD,N2O2_ELE_NMD,71XD01002_NMD,2.0,6.0,1.0,5.0,1.0,100.0,2866.0,115.0,2.0,Need Resampling
60,10735401.0,OIL/NGM-EOG-SUB-50XD00001/081117@0000,6/22/2014 0:00,NMD,EO-EG_ELE_NMD,50XD00001_NMD,2.0,13.0,1.0,6.0,0.0,62.0,3804.0,84.0,2.0,Need Resampling
61,10735410.0,OIL/NGM-EOG-SUB-50XD00002/081117@0000,6/22/2014 0:00,NMD,EO-EG_ELE_NMD,50XD00002_NMD,2.0,11.0,0.0,4.0,0.0,96.0,4152.0,113.0,3.0,Need Resampling
62,10735425.0,OIL/NGM-EOG-SUB-50XD00003/081117@0000,6/22/2014 0:00,NMD,EO-EG_ELE_NMD,50XD00003_NMD,3.0,49.0,1.0,3.0,0.0,241.0,3686.0,297.0,2.0,Need Resampling
63,10735431.0,OIL/NGM-EOG-SUB-50XD00004/081117@0000,6/22/2014 0:00,NMD,EO-EG_ELE_NMD,50XD00004_NMD,3.0,40.0,1.0,4.0,0.0,244.0,4044.0,292.0,3.0,Need Resampling
64,10777442.0,OIL/NGP-CKR-SUB-10XD001/141117@1801,6/22/2014 0:00,NMD,GC_ELE_NMD,10XD001_NMD,2.0,34.0,1.0,6.0,0.0,96.0,3402.0,139.0,2.0,Need Resampling
65,10777449.0,OIL/NGP-CKR-SUB-10XD002/141117@1801,6/22/2014 0:00,NMD,GC_ELE_NMD,10XD002_NMD,1.0,8.0,0.0,0.0,0.0,64.0,1799.0,73.0,1.0,No fault
66,10777491.0,OIL/NGP-CKR-SUB-10XD004/141117@1801,6/22/2014 0:00,NMD,GC_ELE_NMD,10XD004_NMD,1.0,6.0,0.0,0.0,0.0,160.0,5682.0,167.0,3.0,Need Resampling
67,10777501.0,OIL/NGP-CKR-SUB-10XD005/141117@1801,6/22/2014 0:00,NMD,GC_ELE_NMD,10XD005_NMD,2.0,4.0,1.0,5.0,0.0,66.0,2202.0,78.0,1.0,No fault
68,10777506.0,OIL/NGP-CKR-SUB-10XD006/141117@1801,6/22/2014 0:00,NMD,GC_ELE_NMD,10XD006_NMD,2.0,12.0,1.0,5.0,0.0,83.0,3921.0,103.0,2.0,Need Resampling
69,10777517.0,OIL/NGP-CKR-SUB-10XD007/141117@1801,6/22/2014 0:00,NMD,GC_ELE_NMD,10XD007_NMD,3.0,85.0,1.0,3.0,0.0,250.0,3444.0,342.0,2.0,Need Resampling
70,10777526.0,OIL/NGP-CKR-SUB-10XD008/141117@1801,6/22/2014 0:00,NMD,GC_ELE_NMD,10XD008_NMD,21.0,25.0,9.0,5.0,8.0,431.0,2810.0,499.0,2.0,Need Resampling
71,10777530.0,OIL/NGO-OSP-OSB-SUB-80XD001/141117@1801,6/22/2014 0:00,NMD,GC_ELE_NMD,80XD001_NMD,5.0,35.0,1.0,4.0,0.0,419.0,7534.0,464.0,3.0,Need Resampling
72,10777536.0,OIL/NGO-OSP-OSB-SUB-80XD002/141117@1801,6/22/2014 0:00,NMD,GC_ELE_NMD,80XD002_NMD,3.0,10.0,1.0,3.0,0.0,293.0,5266.0,310.0,3.0,Need Resampling
73,10777551.0,OIL/NGO-OSP-OSB-SUB-80XD003/141117@1801,6/22/2014 0:00,NMD,GC_ELE_NMD,80XD003_NMD,3.0,33.0,2.0,4.0,0.0,397.0,4973.0,439.0,3.0,Need Resampling
74,10777560.0,OIL/NGO-OSP-OSB-SUB-80XD004/141117@1801,6/22/2014 0:00,NMD,GC_ELE_NMD,80XD004_NMD,2.0,6.0,1.0,3.0,0.0,172.0,4577.0,184.0,3.0,Need Resampling
75,10777569.0,OIL/NGO-OSP-OSB-SUB-80XD005/141117@1801,6/22/2014 0:00,NMD,GC_ELE_NMD,80XD005_NMD,14.0,3.0,8.0,16.0,0.0,162.0,1403.0,203.0,2.0,Need Resampling
76,10768630.0,OIL/NGP-DHC-SUB-55ETDC055001/131117@1246,4/22/2017 0:00,NMD,DHC_ELE_NMD,55ETDC055001_NMD,2.0,0.0,0.0,6.0,0.0,71.0,2085.0,79.0,1.0,No fault
77,10791598.0,OIL/NGY-PE2-SUB-30XD009/161117@1852,4/22/2017 0:00,NMD,LDP_ELE_NMD,30XD009_NMD,2.0,0.0,0.0,3.0,0.0,99.0,1626.0,104.0,1.0,No fault
78,10768633.0,OIL/NGM-EOG-SUB-50XD00001/131117@1246,4/12/2017 0:00,NMD,EO-EG_ELE_NMD,50XD00001_NMD,1.0,0.0,0.0,7.0,2.0,38.0,2122.0,48.0,1.0,No fault
79,10768669.0,OIL/NGU-ASP-SUB-71XD02001/131117@1246,4/12/2017 0:00,NMD,N2O2_ELE_NMD,71XD02001_NMD,1.0,2.0,0.0,11.0,0.0,113.0,3584.0,127.0,2.0,Need Resampling
80,10777537.0,OIL/NGO-OSP-OSB-SUB-80XD002/141117@1801,4/12/2017 0:00,NMD,GC_ELE_NMD,80XD002_NMD,1.0,0.0,0.0,2.0,1.0,101.0,3122.0,105.0,2.0,Need Resampling
81,10784771.0,OIL/NGY-PE1-SUB-20XD003/151117@1839,4/12/2017 0:00,NMD,LLD_ELE_NMD,20XD003_NMD,0.0,0.0,0.0,12.0,1.0,94.0,2149.0,107.0,1.0,No fault
82,10784791.0,OIL/NGY-PE1-SUB-20XD006/151117@1839,4/12/2017 0:00,NMD,LLD_ELE_NMD,20XD006_NMD,0.0,4.0,0.0,4.0,0.0,166.0,2478.0,174.0,1.0,No fault
83,10784816.0,OIL/NGY-PE1-SUB-20XD014/151117@1839,4/12/2017 0:00,NMD,LLD_ELE_NMD,20XD014_NMD,0.0,0.0,0.0,0.0,0.0,55.0,2637.0,55.0,2.0,Need Resampling
84,10988198.0,OIL/NGU-CPP-SUB-72XD03/151217@1844,4/12/2017 0:00,NMD,CPP_ELE_NMD,72XD03_NMD,36.0,3.0,0.0,79.0,41.0,513.0,4364.0,672.0,3.0,Local Overheating
85,10988246.0,OIL/NGU-CPP-SUB-72XE01/151217@1844,4/12/2017 0:00,NMD,CPP_ELE_NMD,72XE01_NMD,0.0,0.0,0.0,4.0,0.0,66.0,2019.0,70.0,1.0,No fault
86,10768635.0,OIL/NGM-EOG-SUB-50XD00002/131117@1246,4/11/2017 0:00,NMD,EO-EG_ELE_NMD,50XD00002_NMD,2.0,1.0,0.0,3.0,0.0,79.0,3009.0,85.0,2.0,Need Resampling
87,10768680.0,OIL/NGU-ASP-SUB-71XD02002/131117@1246,4/11/2017 0:00,NMD,N2O2_ELE_NMD,71XD02002_NMD,2.0,0.0,0.0,5.0,0.0,89.0,3499.0,96.0,2.0,Need Resampling
88,10789635.0,OIL/NGY-PE2-SUB-30XD010/161117@1119,4/11/2017 0:00,NMD,LDP_ELE_NMD,30XD010_NMD,1.0,0.0,0.0,27.0,0.0,96.0,4042.0,124.0,3.0,Need Resampling
89,10791570.0,OIL/NGY-PE2-SUB-30XD005/161117@1852,4/11/2017 0:00,NMD,LDP_ELE_NMD,30XD005_NMD,1.0,0.0,0.0,14.0,0.0,68.0,3017.0,83.0,2.0,Need Resampling
90,10768642.0,OIL/NGM-EOG-SUB-50XD00003/131117@1246,4/15/2017 0:00,NMD,EO-EG_ELE_NMD,50XD00003_NMD,1.0,0.0,0.0,4.0,0.0,83.0,3324.0,88.0,2.0,Need Resampling
91,10768643.0,OIL/NGM-EOG-SUB-50XD00004/131117@1246,4/15/2017 0:00,NMD,EO-EG_ELE_NMD,50XD00004_NMD,3.0,10.0,0.0,7.0,0.0,435.0,998.0,455.0,2.0,Need Resampling
92,10784785.0,OIL/NGY-PE1-SUB-20XD005/151117@1839,4/15/2017 0:00,NMD,LLD_ELE_NMD,20XD005_NMD,2.0,0.0,0.0,9.0,0.0,143.0,4621.0,154.0,3.0,Need Resampling
93,10784800.0,OIL/NGY-PE1-SUB-20XD008/151117@1839,4/15/2017 0:00,NMD,LLD_ELE_NMD,20XD008_NMD,1.0,0.0,0.0,40.0,4.0,93.0,2396.0,138.0,1.0,No fault
94,10784820.0,OIL/NGY-PE1-SUB-20XD015/151117@1839,4/15/2017 0:00,NMD,LLD_ELE_NMD,20XD015_NMD,0.0,0.0,0.0,4.0,0.0,147.0,5301.0,151.0,3.0,Need Resampling
95,10784840.0,OIL/NGY-PP1-SUB-40XD003/151117@1839,4/15/2017 0:00,NMD,PP_ELE_NMD,40XD003_NMD,2.0,0.0,0.0,5.0,5.0,299.0,8810.0,311.0,3.0,Need Resampling
96,10988231.0,OIL/NGU-CPP-SUB-72XD04/151217@1844,4/15/2017 0:00,NMD,CPP_ELE_NMD,72XD04_NMD,19.0,0.0,0.0,259.0,41.0,97.0,2641.0,416.0,4.0,Severe Overheating
97,10768667.0,OIL/NGU-ASP-SUB-71XD02001/131117@1246,6/23/2014 0:00,NMD,N2O2_ELE_NMD,71XD02001_NMD,3.0,8.0,1.0,11.0,0.0,290.0,3840.0,313.0,2.0,Need Resampling
98,10768679.0,OIL/NGU-ASP-SUB-71XD02002/131117@1246,6/23/2014 0:00,NMD,N2O2_ELE_NMD,71XD02002_NMD,2.0,4.0,1.0,2.0,0.0,111.0,3841.0,120.0,2.0,Need Resampling
99,10768695.0,OIL/NGU-ASP-SUB-71XD02003/131117@1246,6/23/2014 0:00,NMD,N2O2_ELE_NMD,71XD02003_NMD,3.0,5.0,2.0,4.0,0.0,284.0,2978.0,298.0,2.0,Need Resampling
100,10770548.0,OIL/NGU-ASP-SUB-71XD01001/131117@2002,6/23/2014 0:00,NMD,N2O2_ELE_NMD,71XD01001_NMD,1.0,5.0,0.0,3.0,0.0,57.0,1749.0,66.0,1.0,No fault
101,10770558.0,OIL/NGU-ASP-SUB-71XD01002/131117@2002,6/23/2014 0:00,NMD,N2O2_ELE_NMD,71XD01002_NMD,2.0,3.0,2.0,4.0,0.0,99.0,2796.0,110.0,2.0,Need Resampling
102,10768735.0,OIL/NGU-ASP-SUB-71XD02004/131117@1246,6/23/2014 0:00,NMD,N2O2_ELE_NMD,71XD02004_NMD,4.0,15.0,1.0,3.0,1.0,308.0,3852.0,332.0,2.0,Need Resampling
103,10784743.0,OIL/NGY-PE1-SUB-20XD001/151117@1839,6/23/2014 0:00,NMD,LLD_ELE_NMD,20XD001_NMD,2.0,16.0,1.0,4.0,0.0,131.0,3971.0,154.0,2.0,Need Resampling
104,10784756.0,OIL/NGY-PE1-SUB-20XD002/151117@1839,6/23/2014 0:00,NMD,LLD_ELE_NMD,20XD002_NMD,1.0,77.0,0.0,3.0,0.0,90.0,3157.0,171.0,2.0,Need Resampling
105,10784764.0,OIL/NGY-PE1-SUB-20XD022/151117@1839,6/23/2014 0:00,NMD,LLD_ELE_NMD,20XD022_NMD,6.0,55.0,2.0,1.0,0.0,859.0,6056.0,923.0,3.0,Need Resampling
106,10784770.0,OIL/NGY-PE1-SUB-20XD003/151117@1839,6/23/2014 0:00,NMD,LLD_ELE_NMD,20XD003_NMD,1.0,55.0,0.0,5.0,0.0,129.0,3243.0,190.0,2.0,Need Resampling
107,10784778.0,OIL/NGY-PE1-SUB-20XD004/151117@1839,6/23/2014 0:00,NMD,LLD_ELE_NMD,20XD004_NMD,3.0,19.0,1.0,13.0,0.0,188.0,2981.0,224.0,2.0,Need Resampling
108,10784784.0,OIL/NGY-PE1-SUB-20XD005/151117@1839,6/23/2014 0:00,NMD,LLD_ELE_NMD,20XD005_NMD,5.0,45.0,1.0,5.0,0.0,345.0,6389.0,401.0,3.0,Need Resampling
109,10784790.0,OIL/NGY-PE1-SUB-20XD006/151117@1839,6/23/2014 0:00,NMD,LLD_ELE_NMD,20XD006_NMD,2.0,38.0,0.0,3.0,0.0,170.0,2932.0,213.0,2.0,Need Resampling
110,10784795.0,OIL/NGY-PE1-SUB-20XD007/151117@1839,6/23/2014 0:00,NMD,LLD_ELE_NMD,20XD007_NMD,3.0,55.0,4.0,22.0,0.0,82.0,2985.0,166.0,2.0,Need Resampling
111,10784799.0,OIL/NGY-PE1-SUB-20XD008/151117@1839,6/23/2014 0:00,NMD,LLD_ELE_NMD,20XD008_NMD,3.0,60.0,2.0,23.0,0.0,76.0,2672.0,164.0,2.0,Need Resampling
112,10784815.0,OIL/NGY-PE1-SUB-20XD014/151117@1839,6/23/2014 0:00,NMD,LLD_ELE_NMD,20XD014_NMD,2.0,75.0,4.0,13.0,3.0,90.0,3634.0,187.0,2.0,Need Resampling
113,10784819.0,OIL/NGY-PE1-SUB-20XD015/151117@1839,6/23/2014 0:00,NMD,LLD_ELE_NMD,20XD015_NMD,2.0,26.0,1.0,5.0,0.0,233.0,3863.0,267.0,2.0,Need Resampling
114,10768696.0,OIL/NGU-ASP-SUB-71XD02003/131117@1246,4/17/2017 0:00,NMD,N2O2_ELE_NMD,71XD02003_NMD,2.0,0.0,0.0,8.0,4.0,124.0,2203.0,138.0,1.0,No fault
115,10784765.0,OIL/NGY-PE1-SUB-20XD022/151117@1839,4/17/2017 0:00,NMD,LLD_ELE_NMD,20XD022_NMD,4.0,0.0,0.0,3.0,0.0,549.0,6975.0,336.0,3.0,Need Resampling
116,10784779.0,OIL/NGY-PE1-SUB-20XD004/151117@1839,4/17/2017 0:00,NMD,LLD_ELE_NMD,20XD004_NMD,1.0,0.0,0.0,15.0,0.0,93.0,2329.0,109.0,1.0,No fault
117,10784796.0,OIL/NGY-PE1-SUB-20XD007/151117@1839,4/17/2017 0:00,NMD,LLD_ELE_NMD,20XD007_NMD,0.0,0.0,0.0,13.0,0.0,47.0,1459.0,60.0,1.0,No fault
118,10784834.0,OIL/NGY-PP1-SUB-40XD002/151117@1839,4/17/2017 0:00,NMD,PP_ELE_NMD,40XD002_NMD,0.0,0.0,0.0,0.0,0.0,62.0,1943.0,62.0,1.0,No fault
119,10784846.0,OIL/NGY-PP1-SUB-40XD007/151117@1839,4/17/2017 0:00,NMD,PP_ELE_NMD,40XD007_NMD,2.0,0.0,0.0,11.0,0.0,169.0,4764.0,182.0,3.0,Need Resampling
120,10988185.0,OIL/NGU-CPP-SUB-72XD02/151217@1844,4/17/2017 0:00,NMD,CPP_ELE_NMD,72XD02_NMD,2.0,0.0,0.0,7.0,0.0,34.0,480.0,43.0,1.0,No fault
121,10988251.0,OIL/NGU-CPP-SUB-72XE02/151217@1844,4/17/2017 0:00,NMD,CPP_ELE_NMD,72XE02_NMD,0.0,0.0,0.0,0.0,0.0,55.0,2482.0,55.0,1.0,No fault
122,10770549.0,OIL/NGU-ASP-SUB-71XD01001/131117@2002,4/26/2017 0:00,NMD,N2O2_ELE_NMD,71XD01001_NMD,31.0,0.0,0.0,922.0,230.0,67.0,2894.0,1250.0,4.0,Severe Overheating
123,10770559.0,OIL/NGU-ASP-SUB-71XD01002/131117@2002,4/26/2017 0:00,NMD,N2O2_ELE_NMD,71XD01002_NMD,6.0,0.0,0.0,132.0,21.0,85.0,2769.0,244.0,3.0,Need Resampling
124,10777598.0,OIL/NGU-IOP-ETP-SUB-80XD0013/141117@1801,4/26/2017 0:00,NMD,IWWTP_ELE_NMD,80XD0013_NMD,2.0,0.0,0.0,10.0,0.0,100.0,2142.0,112.0,1.0,No fault
125,10783182.0,OIL/NGU-IOP-SUB-SS7-70XD0101/151117@1255,4/26/2017 0:00,NMD,ONU_ELE_NMD,70XD0101_NMD,36.0,3.0,0.0,79.0,41.0,38.0,1679.0,197.0,2.0,Local Overheating
126,10783265.0,OIL/NGU-IOP-SUB-SS7-70XD0102/151117@1255,4/26/2017 0:00,NMD,ONU_ELE_NMD,70XD0102_NMD,0.0,0.0,0.0,0.0,0.0,31.0,771.0,31.0,1.0,No fault
127,10783389.0,OIL/NGU-IOP-SUB-SS7-70XD0202/151117@1255,4/26/2017 0:00,NMD,ONU_ELE_NMD,70XD0202_NMD,0.0,0.0,0.0,0.0,0.0,25.0,3334.0,25.0,2.0,Need Resampling
128,10783412.0,OIL/NGU-IOP-SUB-SS7-70XD0209/151117@1255,4/26/2017 0:00,NMD,ONU_ELE_NMD,70XD0209_NMD,0.0,0.0,0.0,0.0,0.0,150.0,2886.0,150.0,2.0,Need Resampling
129,10783431.0,OIL/NGU-IOP-SUB-SS7-70XD0203/151117@1255,4/26/2017 0:00,NMD,ONU_ELE_NMD,70XD0203_NMD,2.0,0.0,0.0,0.0,0.0,37.0,3028.0,39.0,2.0,Need Resampling
130,10783450.0,OIL/NGU-IOP-SUB-SS7-70XD0204/151117@1255,4/26/2017 0:00,NMD,ONU_ELE_NMD,70XD0204_NMD,0.0,0.0,0.0,0.0,0.0,61.0,4116.0,61.0,3.0,Need Resampling
131,10783459.0,OIL/NGU-IOP-SUB-SS7-70XD0205/151117@1255,4/26/2017 0:00,NMD,ONU_ELE_NMD,70XD0205_NMD,0.0,0.0,0.0,0.0,0.0,31.0,771.0,31.0,1.0,No fault
132,10783474.0,OIL/NGU-IOP-SUB-SS7-70XD0208/151117@1255,4/26/2017 0:00,NMD,ONU_ELE_NMD,70XD0208_NMD,0.0,0.0,0.0,0.0,0.0,63.0,2048.0,63.0,1.0,No fault
133,10777441.0,OIL/NGP-CKR-SUB-10XD001/141117@1801,7/13/2015 0:00,NMD,GC_ELE_NMD,10XD001_NMD,2.0,10.0,0.0,5.0,1.0,104.0,3990.0,122.0,2.0,Need Resampling
134,10777448.0,OIL/NGP-CKR-SUB-10XD002/141117@1801,7/13/2015 0:00,NMD,GC_ELE_NMD,10XD002_NMD,2.0,5.0,0.0,1.0,0.0,98.0,2338.0,106.0,1.0,No fault
135,10777483.0,OIL/NGP-CKR-SUB-10XD003/141117@1801,7/13/2015 0:00,NMD,GC_ELE_NMD,10XD003_NMD,1.0,108.0,1.0,1.0,0.0,284.0,1337.0,395.0,2.0,Need Resampling
136,10777490.0,OIL/NGP-CKR-SUB-10XD004/141117@1801,7/13/2015 0:00,NMD,GC_ELE_NMD,10XD004_NMD,2.0,5.0,0.0,1.0,1.0,178.0,5713.0,187.0,3.0,Need Resampling
137,10777500.0,OIL/NGP-CKR-SUB-10XD005/141117@1801,7/13/2015 0:00,NMD,GC_ELE_NMD,10XD005_NMD,2.0,17.0,0.0,5.0,1.0,99.0,2405.0,124.0,1.0,No fault
138,10777505.0,OIL/NGP-CKR-SUB-10XD006/141117@1801,7/13/2015 0:00,NMD,GC_ELE_NMD,10XD006_NMD,1.0,5.0,1.0,4.0,1.0,90.0,3016.0,102.0,2.0,Need Resampling
139,10777516.0,OIL/NGP-CKR-SUB-10XD007/141117@1801,7/13/2015 0:00,NMD,GC_ELE_NMD,10XD007_NMD,2.0,5.0,0.0,2.0,1.0,266.0,3521.0,276.0,2.0,Need Resampling
140,10777525.0,OIL/NGP-CKR-SUB-10XD008/141117@1801,7/13/2015 0:00,NMD,GC_ELE_NMD,10XD008_NMD,19.0,11.0,6.0,4.0,7.0,445.0,3027.0,492.0,2.0,Need Resampling
141,10777529.0,OIL/NGO-OSP-OSB-SUB-80XD001/141117@1801,7/13/2015 0:00,NMD,GC_ELE_NMD,80XD001_NMD,3.0,13.0,0.0,3.0,1.0,397.0,7489.0,417.0,3.0,Need Resampling
142,10777535.0,OIL/NGO-OSP-OSB-SUB-80XD002/141117@1801,7/13/2015 0:00,NMD,GC_ELE_NMD,80XD002_NMD,3.0,16.0,0.0,3.0,1.0,316.0,5450.0,339.0,3.0,Need Resampling
143,10777550.0,OIL/NGO-OSP-OSB-SUB-80XD003/141117@1801,7/13/2015 0:00,NMD,GC_ELE_NMD,80XD003_NMD,2.0,10.0,1.0,2.0,1.0,238.0,4872.0,254.0,3.0,Need Resampling
144,10777559.0,OIL/NGO-OSP-OSB-SUB-80XD004/141117@1801,7/13/2015 0:00,NMD,GC_ELE_NMD,80XD004_NMD,1.0,12.0,0.0,2.0,0.0,191.0,4695.0,206.0,3.0,Need Resampling
145,10777568.0,OIL/NGO-OSP-OSB-SUB-80XD005/141117@1801,7/13/2015 0:00,NMD,GC_ELE_NMD,80XD005_NMD,11.0,6.0,5.0,14.0,6.0,173.0,1524.0,215.0,2.0,Need Resampling
146,10777443.0,OIL/NGP-CKR-SUB-10XD001/141117@1801,4/7/2017 0:00,NMD,GC_ELE_NMD,10XD001_NMD,2.0,0.0,0.0,4.0,0.0,134.0,6061.0,140.0,3.0,Need Resampling
147,10777561.0,OIL/NGO-OSP-OSB-SUB-80XD004/141117@1801,4/7/2017 0:00,NMD,GC_ELE_NMD,80XD004_NMD,1.0,3.0,0.0,3.0,0.0,143.0,3559.0,150.0,2.0,Need Resampling
148,10777570.0,OIL/NGO-OSP-OSB-SUB-80XD005/141117@1801,4/7/2017 0:00,NMD,GC_ELE_NMD,80XD005_NMD,36.0,3.0,0.0,79.0,41.0,513.0,4364.0,672.0,3.0,Local Overheating
149,10789644.0,OIL/NGY-PE2-SUB-30XD001/161117@1119,4/7/2017 0:00,NMD,LDP_ELE_NMD,30XD001_NMD,2.0,0.0,0.0,14.0,0.0,118.0,3404.0,134.0,2.0,Need Resampling
150,10791565.0,OIL/NGY-PE2-SUB-30XD004/161117@1852,4/7/2017 0:00,NMD,LDP_ELE_NMD,30XD004_NMD,2.0,3.0,0.0,24.0,0.0,122.0,4278.0,151.0,3.0,Need Resampling
151,10791574.0,OIL/NGY-PE2-SUB-30XD006/161117@1852,4/7/2017 0:00,NMD,LDP_ELE_NMD,30XD006_NMD,2.0,0.0,0.0,20.0,0.0,75.0,2906.0,97.0,2.0,Need Resampling
152,10777450.0,OIL/NGP-CKR-SUB-10XD002/141117@1801,4/13/2017 0:00,NMD,GC_ELE_NMD,10XD002_NMD,0.0,0.0,0.0,0.0,0.0,95.0,3171.0,95.0,2.0,Need Resampling
153,10777507.0,OIL/NGP-CKR-SUB-10XD006/141117@1801,4/13/2017 0:00,NMD,GC_ELE_NMD,10XD006_NMD,0.0,0.0,0.0,5.0,0.0,49.0,2708.0,54.0,2.0,Need Resampling
154,10988157.0,OIL/NGU-CPP-SUB-72XD01/151217@1844,4/13/2017 0:00,NMD,CPP_ELE_NMD,72XD01_NMD,0.0,0.0,0.0,17.0,0.0,78.0,1903.0,95.0,1.0,No fault
155,10777485.0,OIL/NGP-CKR-SUB-10XD003/141117@1801,4/24/2017 0:00,NMD,GC_ELE_NMD,10XD003_NMD,3.0,14.0,0.0,0.0,0.0,561.0,5351.0,578.0,3.0,Need Resampling
156,10777579.0,OIL/NGU-IOP-ETP-SUB-80XD0011/141117@1801,4/24/2017 0:00,NMD,IWWTP_ELE_NMD,80XD0011_NMD,2.0,0.0,0.0,7.0,0.0,129.0,2895.0,138.0,2.0,Need Resampling
157,10783311.0,OIL/NGU-IOP-SUB-SS7-70XD0201/151117@1255,4/24/2017 0:00,NMD,ONU_ELE_NMD,70XD0201_NMD,1.0,0.0,0.0,9.0,0.0,67.0,3091.0,77.0,2.0,Need Resampling
158,10784744.0,OIL/NGY-PE1-SUB-20XD001/151117@1839,4/24/2017 0:00,NMD,LLD_ELE_NMD,20XD001_NMD,1.0,0.0,0.0,0.0,0.0,127.0,1718.0,128.0,1.0,No fault
159,10784757.0,OIL/NGY-PE1-SUB-20XD002/151117@1839,4/24/2017 0:00,NMD,LLD_ELE_NMD,20XD002_NMD,2.0,0.0,0.0,5.0,0.0,68.0,2913.0,75.0,2.0,Need Resampling
160,10791656.0,OIL/NGV-CES-NPL-TS-90TR01/161117@1852,4/24/2017 0:00,NMD,TOWNSHIP_ELE_NMD,90TR01_NMD,1.0,0.0,0.0,3.0,0.0,107.0,3845.0,111.0,2.0,Need Resampling
161,10791660.0,OIL/NGV-CES-NPL-TS-90TR02/161117@1852,4/24/2017 0:00,NMD,TOWNSHIP_ELE_NMD,90TR02_NMD,1.0,0.0,0.0,7.0,0.0,85.0,5108.0,93.0,3.0,Need Resampling
162,10791664.0,OIL/NGV-CES-NPL-TS-90TR05/161117@1852,4/24/2017 0:00,NMD,TOWNSHIP_ELE_NMD,90TR05_NMD,0.0,0.0,0.0,0.0,0.0,55.0,1729.0,55.0,1.0,No fault
163,10791676.0,OIL/NGV-CES-NPL-TS-90TR03/161117@1852,4/24/2017 0:00,NMD,TOWNSHIP_ELE_NMD,90TR03_NMD,2.0,0.0,0.0,0.0,0.0,74.0,1736.0,76.0,1.0,No fault
164,10777492.0,OIL/NGP-CKR-SUB-10XD004/141117@1801,3/24/2017 0:00,NMD,GC_ELE_NMD,10XD004_NMD,2.0,0.0,0.0,0.0,0.0,106.0,375.0,108.0,1.0,No fault
165,10784827.0,OIL/NGY-PP1-SUB-40XD001/151117@1839,3/24/2017 0:00,NMD,PP_ELE_NMD,40XD001_NMD,3.0,0.0,0.0,13.0,15.0,63.0,499.0,94.0,1.0,No fault
166,10789696.0,OIL/NGY-PE2-SUB-30XD002/161117@1137,3/24/2017 0:00,NMD,LDP_ELE_NMD,30XD002_NMD,0.0,0.0,0.0,11.0,0.0,92.0,347.0,103.0,1.0,No fault
167,10789709.0,OIL/NGY-PE2-SUB-30XD003/161117@1137,3/24/2017 0:00,NMD,LDP_ELE_NMD,30XD003_NMD,4.0,0.0,0.0,8.0,0.0,71.0,521.0,83.0,1.0,No fault
168,10791592.0,OIL/NGY-PE2-SUB-30XD008/161117@1852,3/24/2017 0:00,NMD,LDP_ELE_NMD,30XD008_NMD,5.0,0.0,0.0,9.0,3.0,48.0,623.0,65.0,1.0,No fault
169,10988239.0,OIL/NGU-CPP-SUB-72XD05/151217@1844,3/24/2017 0:00,NMD,CPP_ELE_NMD,72XD05_NMD,36.0,3.0,0.0,79.0,41.0,513.0,4364.0,672.0,3.0,Local Overheating
170,10988256.0,OIL/NGU-CPP-SWY-70SYT1220KV/151217@1844,3/24/2017 0:00,NMD,CPP_ELE_NMD,70SYT1220KV_NMD,38.0,87.0,25.0,26.0,51.0,161.0,1643.0,388.0,3.0,Local Overheating
171,10988260.0,OIL/NGU-CPP-SWY-70SYT2220KV/151217@1844,3/24/2017 0:00,NMD,CPP_ELE_NMD,70SYT2220KV_NMD,34.0,88.0,30.0,32.0,51.0,160.0,1461.0,395.0,3.0,Local Overheating
172,10777502.0,OIL/NGP-CKR-SUB-10XD005/141117@1801,4/14/2017 0:00,NMD,GC_ELE_NMD,10XD005_NMD,3.0,0.0,0.0,3.0,0.0,67.0,2233.0,73.0,1.0,No fault
173,10777518.0,OIL/NGP-CKR-SUB-10XD007/141117@1801,4/14/2017 0:00,NMD,GC_ELE_NMD,10XD007_NMD,0.0,0.0,0.0,0.0,0.0,46.0,1382.0,46.0,1.0,No fault
174,10777527.0,OIL/NGP-CKR-SUB-10XD008/141117@1801,4/14/2017 0:00,NMD,GC_ELE_NMD,10XD008_NMD,15.0,0.0,0.0,8.0,28.0,263.0,2128.0,314.0,1.0,No fault
175,10777532.0,OIL/NGO-OSP-OSB-SUB-80XD001/141117@1801,4/14/2017 0:00,NMD,GC_ELE_NMD,80XD001_NMD,2.0,0.0,0.0,0.0,0.0,148.0,5508.0,150.0,3.0,Need Resampling
176,10777552.0,OIL/NGO-OSP-OSB-SUB-80XD003/141117@1801,4/14/2017 0:00,NMD,GC_ELE_NMD,80XD003_NMD,0.0,0.0,0.0,0.0,0.0,134.0,2768.0,134.0,2.0,Need Resampling
177,10777577.0,OIL/NGU-IOP-ETP-SUB-80XD0011/141117@1801,7/17/2015 0:00,NMD,IWWTP_ELE_NMD,80XD0011_NMD,3.0,31.0,0.0,4.0,1.0,151.0,3374.0,190.0,2.0,Need Resampling
178,10777592.0,OIL/NGU-IOP-ETP-SUB-80XD0012/141117@1801,7/17/2015 0:00,NMD,IWWTP_ELE_NMD,80XD0012_NMD,2.0,8.0,0.0,2.0,1.0,95.0,3165.0,108.0,2.0,Need Resampling
179,10777596.0,OIL/NGU-IOP-ETP-SUB-80XD0013/141117@1801,7/17/2015 0:00,NMD,IWWTP_ELE_NMD,80XD0013_NMD,2.0,26.0,0.0,4.0,1.0,198.0,2402.0,231.0,1.0,No fault
180,10777601.0,OIL/NGU-IOP-ETP-SUB-80XD0014/141117@1801,7/17/2015 0:00,NMD,IWWTP_ELE_NMD,80XD0014_NMD,3.0,41.0,0.0,3.0,0.0,208.0,3352.0,255.0,2.0,Need Resampling
181,10784825.0,OIL/NGY-PP1-SUB-40XD001/151117@1839,7/17/2015 0:00,NMD,PP_ELE_NMD,40XD001_NMD,4.0,18.0,0.0,6.0,2.0,148.0,6200.0,178.0,3.0,Need Resampling
182,10784831.0,OIL/NGY-PP1-SUB-40XD002/151117@1839,7/17/2015 0:00,NMD,PP_ELE_NMD,40XD002_NMD,3.0,7.0,0.0,2.0,1.0,139.0,4037.0,152.0,3.0,Need Resampling
183,10784838.0,OIL/NGY-PP1-SUB-40XD003/151117@1839,7/17/2015 0:00,NMD,PP_ELE_NMD,40XD003_NMD,4.0,46.0,0.0,4.0,1.0,556.0,5054.0,611.0,3.0,Need Resampling
184,10784844.0,OIL/NGY-PP1-SUB-40XD007/151117@1839,7/17/2015 0:00,NMD,PP_ELE_NMD,40XD007_NMD,5.0,16.0,3.0,5.0,3.0,389.0,5425.0,421.0,3.0,Need Resampling
185,10988154.0,OIL/NGU-CPP-SUB-72XD01/151217@1844,7/17/2015 0:00,NMD,CPP_ELE_NMD,72XD01_NMD,5.0,13.0,1.0,28.0,5.0,80.0,2577.0,132.0,2.0,Need Resampling
186,10988183.0,OIL/NGU-CPP-SUB-72XD02/151217@1844,7/17/2015 0:00,NMD,CPP_ELE_NMD,72XD02_NMD,7.0,39.0,4.0,80.0,13.0,79.0,2336.0,222.0,2.0,Need Resampling
187,10988237.0,OIL/NGU-CPP-SUB-72XD05/151217@1844,7/17/2015 0:00,NMD,CPP_ELE_NMD,72XD05_NMD,1.0,35.0,0.0,3.0,1.0,40.0,2636.0,80.0,2.0,Need Resampling
188,10988249.0,OIL/NGU-CPP-SUB-72XE02/151217@1844,7/17/2015 0:00,NMD,CPP_ELE_NMD,72XE02_NMD,1.0,8.0,1.0,10.0,1.0,125.0,2496.0,146.0,1.0,No fault
189,10777578.0,OIL/NGU-IOP-ETP-SUB-80XD0011/141117@1801,6/29/2014 0:00,NMD,IWWTP_ELE_NMD,80XD0011_NMD,3.0,45.0,1.0,3.0,0.0,141.0,3211.0,193.0,2.0,Need Resampling
190,10777593.0,OIL/NGU-IOP-ETP-SUB-80XD0012/141117@1801,6/29/2014 0:00,NMD,IWWTP_ELE_NMD,80XD0012_NMD,2.0,3.0,0.0,1.0,0.0,88.0,3075.0,94.0,2.0,Need Resampling
191,10777597.0,OIL/NGU-IOP-ETP-SUB-80XD0013/141117@1801,6/29/2014 0:00,NMD,IWWTP_ELE_NMD,80XD0013_NMD,3.0,40.0,0.0,5.0,0.0,188.0,3187.0,236.0,2.0,Need Resampling
192,10777602.0,OIL/NGU-IOP-ETP-SUB-80XD0014/141117@1801,6/29/2014 0:00,NMD,IWWTP_ELE_NMD,80XD0014_NMD,3.0,55.0,0.0,4.0,0.0,167.0,3125.0,229.0,2.0,Need Resampling
193,10783181.0,OIL/NGU-IOP-SUB-SS7-70XD0101/151117@1255,6/29/2014 0:00,NMD,ONU_ELE_NMD,70XD0101_NMD,1.0,7.0,0.0,1.0,0.0,53.0,1422.0,62.0,1.0,No fault
194,10783262.0,OIL/NGU-IOP-SUB-SS7-70XD0102/151117@1255,6/29/2014 0:00,NMD,ONU_ELE_NMD,70XD0102_NMD,2.0,7.0,0.0,3.0,0.0,72.0,3773.0,84.0,2.0,Need Resampling
195,10783309.0,OIL/NGU-IOP-SUB-SS7-70XD0201/151117@1255,6/29/2014 0:00,NMD,ONU_ELE_NMD,70XD0201_NMD,2.0,2.0,0.0,7.0,0.0,108.0,3729.0,119.0,2.0,Need Resampling
196,10783364.0,OIL/NGU-IOP-SUB-SS7-70XD02010/151117@1255,6/29/2014 0:00,NMD,ONU_ELE_NMD,70XD02010_NMD,15.0,9.0,0.0,5.0,23.0,120.0,1172.0,172.0,1.0,No fault
197,10783388.0,OIL/NGU-IOP-SUB-SS7-70XD0202/151117@1255,6/29/2014 0:00,NMD,ONU_ELE_NMD,70XD0202_NMD,2.0,9.0,0.0,6.0,0.0,78.0,3516.0,95.0,2.0,Need Resampling
198,10783410.0,OIL/NGU-IOP-SUB-SS7-70XD0209/151117@1255,6/29/2014 0:00,NMD,ONU_ELE_NMD,70XD0209_NMD,3.0,7.0,1.0,18.0,0.0,315.0,3026.0,344.0,2.0,Need Resampling
199,10783430.0,OIL/NGU-IOP-SUB-SS7-70XD0203/151117@1255,6/29/2014 0:00,NMD,ONU_ELE_NMD,70XD0203_NMD,2.0,6.0,0.0,1.0,0.0,86.0,3048.0,95.0,2.0,Need Resampling
200,10783449.0,OIL/NGU-IOP-SUB-SS7-70XD0204/151117@1255,6/29/2014 0:00,NMD,ONU_ELE_NMD,70XD0204_NMD,3.0,3.0,1.0,3.0,0.0,100.0,3250.0,110.0,2.0,Need Resampling
201,10783458.0,OIL/NGU-IOP-SUB-SS7-70XD0205/151117@1255,6/29/2014 0:00,NMD,ONU_ELE_NMD,70XD0205_NMD,3.0,7.0,1.0,4.0,0.0,114.0,3535.0,129.0,2.0,Need Resampling
202,10783462.0,OIL/NGU-IOP-SUB-SS7-70XD0206/151117@1255,6/29/2014 0:00,NMD,ONU_ELE_NMD,70XD0206_NMD,3.0,5.0,1.0,4.0,0.0,122.0,6078.0,135.0,3.0,Need Resampling
203,10783467.0,OIL/NGU-IOP-SUB-SS7-70XD0207/151117@1255,6/29/2014 0:00,NMD,ONU_ELE_NMD,70XD0207_NMD,2.0,8.0,1.0,3.0,0.0,55.0,2703.0,69.0,2.0,Need Resampling
204,10783473.0,OIL/NGU-IOP-SUB-SS7-70XD0208/151117@1255,6/29/2014 0:00,NMD,ONU_ELE_NMD,70XD0208_NMD,1.0,12.0,1.0,5.0,0.0,61.0,1712.0,80.0,1.0,No fault
205,10988255.0,OIL/NGU-CPP-SWY-70SYT1220KV/151217@1844,6/29/2014 0:00,NMD,CPP_ELE_NMD,70SYT1220KV_NMD,22.0,125.0,15.0,13.0,8.0,163.0,1921.0,346.0,3.0,Need Resampling
206,10988259.0,OIL/NGU-CPP-SWY-70SYT2220KV/151217@1844,6/29/2014 0:00,NMD,CPP_ELE_NMD,70SYT2220KV_NMD,24.0,64.0,22.0,13.0,14.0,132.0,3678.0,269.0,3.0,Need Resampling
207,10777594.0,OIL/NGU-IOP-ETP-SUB-80XD0012/141117@1801,4/25/2017 0:00,NMD,IWWTP_ELE_NMD,80XD0012_NMD,0.0,0.0,0.0,3.0,0.0,56.0,1712.0,59.0,1.0,No fault
208,10777603.0,OIL/NGU-IOP-ETP-SUB-80XD0014/141117@1801,4/25/2017 0:00,NMD,IWWTP_ELE_NMD,80XD0014_NMD,2.0,0.0,0.0,7.0,0.0,148.0,3654.0,157.0,2.0,Need Resampling
209,10783463.0,OIL/NGU-IOP-SUB-SS7-70XD0206/151117@1255,4/25/2017 0:00,NMD,ONU_ELE_NMD,70XD0206_NMD,2.0,0.0,0.0,5.0,0.0,75.0,5099.0,82.0,3.0,Need Resampling
210,10783468.0,OIL/NGU-IOP-SUB-SS7-70XD0207/151117@1255,4/25/2017 0:00,NMD,ONU_ELE_NMD,70XD0207_NMD,1.0,0.0,0.0,5.0,0.0,48.0,2278.0,54.0,1.0,No fault
211,10791619.0,OIL/NGF-PET-SUB-65XD00001/161117@1852,4/25/2017 0:00,NMD,RPET_ELE_NMD,65XD00001_NMD,2.0,0.0,0.0,0.0,0.0,56.0,1923.0,58.0,1.0,No fault
212,10791645.0,OIL/NGF-PET-SUB-65XD00002/161117@1852,4/25/2017 0:00,NMD,RPET_ELE_NMD,65XD00002_NMD,2.0,0.0,0.0,0.0,0.0,63.0,2363.0,65.0,1.0,No fault
213,10768736.0,OIL/NGU-ASP-SUB-71XD02004/131117@1246,4/28/2017 0:00,NMD,N2O2_ELE_NMD,71XD02004_NMD,3.0,7.0,0.0,11.0,12.0,256.0,4813.0,289.0,3.0,Need Resampling
214,10783178.0,OIL/NGU-IOP-SUB-SS7-70XD0101/151117@1255,7/12/2015 0:00,NMD,ONU_ELE_NMD,70XD0101_NMD,1.0,16.0,0.0,2.0,0.0,27.0,1339.0,46.0,1.0,No fault
215,10783260.0,OIL/NGU-IOP-SUB-SS7-70XD0102/151117@1255,7/12/2015 0:00,NMD,ONU_ELE_NMD,70XD0102_NMD,3.0,42.0,25.0,3.0,0.0,71.0,3841.0,144.0,3.0,Need Resampling
216,10783308.0,OIL/NGU-IOP-SUB-SS7-70XD0201/151117@1255,7/12/2015 0:00,NMD,ONU_ELE_NMD,70XD0201_NMD,1.0,6.0,0.0,4.0,0.0,121.0,3896.0,132.0,2.0,Need Resampling
217,10783362.0,OIL/NGU-IOP-SUB-SS7-70XD02010/151117@1255,7/12/2015 0:00,NMD,ONU_ELE_NMD,70XD02010_NMD,2.0,17.0,0.0,13.0,1.0,295.0,2921.0,328.0,2.0,Need Resampling
218,10783387.0,OIL/NGU-IOP-SUB-SS7-70XD0202/151117@1255,7/12/2015 0:00,NMD,ONU_ELE_NMD,70XD0202_NMD,1.0,3.0,0.0,5.0,1.0,94.0,3682.0,104.0,2.0,Need Resampling
219,10783409.0,OIL/NGU-IOP-SUB-SS7-70XD0209/151117@1255,7/12/2015 0:00,NMD,ONU_ELE_NMD,70XD0209_NMD,2.0,18.0,0.0,17.0,1.0,325.0,3105.0,363.0,2.0,Need Resampling
220,10783429.0,OIL/NGU-IOP-SUB-SS7-70XD0203/151117@1255,7/12/2015 0:00,NMD,ONU_ELE_NMD,70XD0203_NMD,2.0,6.0,0.0,2.0,1.0,100.0,3262.0,111.0,2.0,Need Resampling
221,10783448.0,OIL/NGU-IOP-SUB-SS7-70XD0204/151117@1255,7/12/2015 0:00,NMD,ONU_ELE_NMD,70XD0204_NMD,2.0,7.0,0.0,2.0,1.0,114.0,3380.0,126.0,2.0,Need Resampling
222,10783457.0,OIL/NGU-IOP-SUB-SS7-70XD0205/151117@1255,7/12/2015 0:00,NMD,ONU_ELE_NMD,70XD0205_NMD,2.0,9.0,0.0,4.0,1.0,138.0,3693.0,154.0,2.0,Need Resampling
223,10783461.0,OIL/NGU-IOP-SUB-SS7-70XD0206/151117@1255,7/12/2015 0:00,NMD,ONU_ELE_NMD,70XD0206_NMD,2.0,5.0,0.0,4.0,1.0,145.0,6152.0,157.0,3.0,Need Resampling
224,10783466.0,OIL/NGU-IOP-SUB-SS7-70XD0207/151117@1255,7/12/2015 0:00,NMD,ONU_ELE_NMD,70XD0207_NMD,1.0,4.0,0.0,3.0,0.0,59.0,2724.0,67.0,2.0,Need Resampling
225,10783472.0,OIL/NGU-IOP-SUB-SS7-70XD0208/151117@1255,7/12/2015 0:00,NMD,ONU_ELE_NMD,70XD0208_NMD,1.0,2.0,0.0,3.0,0.0,83.0,1783.0,89.0,1.0,No fault
226,10783365.0,OIL/NGU-IOP-SUB-SS7-70XD02010/151117@1255,6/3/2017 0:00,NMD,ONU_ELE_NMD,70XD02010_NMD,1.0,6.0,11.0,17.0,0.0,227.0,2370.0,262.0,3.0,Need Resampling
227,10783465.0,OIL/NGU-IOP-SUB-SS7-70XD0207/151117@1255,11/29/2016 0:00,NMD,ONU_ELE_NMD,70XD0207_NMD,1.0,7.0,0.0,2.0,0.0,26.0,1295.0,36.0,1.0,No fault
228,10783471.0,OIL/NGU-IOP-SUB-SS7-70XD0208/151117@1255,11/29/2016 0:00,NMD,ONU_ELE_NMD,70XD0208_NMD,1.0,6.0,0.0,2.0,0.0,27.0,1274.0,36.0,1.0,No fault
229,10784740.0,OIL/NGY-PE1-SUB-20XD001/151117@1839,11/29/2016 0:00,NMD,LLD_ELE_NMD,20XD001_NMD,1.0,25.0,0.0,2.0,0.0,91.0,1587.0,119.0,1.0,No fault
230,10784754.0,OIL/NGY-PE1-SUB-20XD002/151117@1839,11/29/2016 0:00,NMD,LLD_ELE_NMD,20XD002_NMD,1.0,21.0,0.0,2.0,0.0,27.0,1497.0,51.0,1.0,No fault
231,10784762.0,OIL/NGY-PE1-SUB-20XD022/151117@1839,11/29/2016 0:00,NMD,LLD_ELE_NMD,20XD022_NMD,4.0,23.0,0.0,2.0,0.0,422.0,2958.0,451.0,2.0,Need Resampling
232,10784768.0,OIL/NGY-PE1-SUB-20XD003/151117@1839,11/29/2016 0:00,NMD,LLD_ELE_NMD,20XD003_NMD,1.0,22.0,0.0,5.0,0.0,38.0,1370.0,66.0,1.0,No fault
233,10784782.0,OIL/NGY-PE1-SUB-20XD005/151117@1839,11/29/2016 0:00,NMD,LLD_ELE_NMD,20XD005_NMD,2.0,25.0,0.0,3.0,0.0,120.0,3978.0,150.0,2.0,Need Resampling
234,10784788.0,OIL/NGY-PE1-SUB-20XD006/151117@1839,11/29/2016 0:00,NMD,LLD_ELE_NMD,20XD006_NMD,1.0,20.0,0.0,2.0,0.0,71.0,1486.0,94.0,1.0,No fault
235,10784793.0,OIL/NGY-PE1-SUB-20XD007/151117@1839,11/29/2016 0:00,NMD,LLD_ELE_NMD,20XD007_NMD,1.0,20.0,0.0,5.0,2.0,20.0,1026.0,48.0,1.0,No fault
236,10784797.0,OIL/NGY-PE1-SUB-20XD008/151117@1839,11/29/2016 0:00,NMD,LLD_ELE_NMD,20XD008_NMD,2.0,18.0,0.0,21.0,2.0,45.0,1768.0,88.0,1.0,No fault
237,10784813.0,OIL/NGY-PE1-SUB-20XD014/151117@1839,11/29/2016 0:00,NMD,LLD_ELE_NMD,20XD014_NMD,1.0,18.0,0.0,2.0,0.0,26.0,1252.0,47.0,1.0,No fault
238,10784817.0,OIL/NGY-PE1-SUB-20XD015/151117@1839,11/29/2016 0:00,NMD,LLD_ELE_NMD,20XD015_NMD,1.0,18.0,0.0,3.0,0.0,136.0,3507.0,158.0,2.0,Need Resampling
239,10789632.0,OIL/NGY-PE2-SUB-30XD010/161117@1119,11/29/2016 0:00,NMD,LDP_ELE_NMD,30XD010_NMD,1.0,14.0,0.0,11.0,0.0,46.0,2282.0,72.0,1.0,No fault
240,10789641.0,OIL/NGY-PE2-SUB-30XD001/161117@1119,11/29/2016 0:00,NMD,LDP_ELE_NMD,30XD001_NMD,1.0,18.0,0.0,6.0,0.0,34.0,1736.0,59.0,1.0,No fault
241,10789693.0,OIL/NGY-PE2-SUB-30XD002/161117@1137,11/29/2016 0:00,NMD,LDP_ELE_NMD,30XD002_NMD,1.0,13.0,0.0,3.0,0.0,34.0,2086.0,51.0,1.0,No fault
242,10789706.0,OIL/NGY-PE2-SUB-30XD003/161117@1137,11/29/2016 0:00,NMD,LDP_ELE_NMD,30XD003_NMD,1.0,9.0,0.0,2.0,0.0,43.0,3571.0,55.0,2.0,Need Resampling
243,10791562.0,OIL/NGY-PE2-SUB-30XD004/161117@1852,11/29/2016 0:00,NMD,LDP_ELE_NMD,30XD004_NMD,1.0,6.0,0.0,6.0,0.0,36.0,2210.0,49.0,1.0,No fault
244,10791567.0,OIL/NGY-PE2-SUB-30XD005/161117@1852,11/29/2016 0:00,NMD,LDP_ELE_NMD,30XD005_NMD,1.0,16.0,0.0,3.0,0.0,44.0,2308.0,64.0,1.0,No fault
245,10791571.0,OIL/NGY-PE2-SUB-30XD006/161117@1852,11/29/2016 0:00,NMD,LDP_ELE_NMD,30XD006_NMD,1.0,14.0,0.0,6.0,0.0,35.0,1881.0,56.0,1.0,No fault
246,10791581.0,OIL/NGY-PE2-SUB-30XD007/161117@1852,11/29/2016 0:00,NMD,LDP_ELE_NMD,30XD007_NMD,1.0,12.0,0.0,3.0,2.0,32.0,1755.0,50.0,1.0,No fault
247,10791589.0,OIL/NGY-PE2-SUB-30XD008/161117@1852,11/29/2016 0:00,NMD,LDP_ELE_NMD,30XD008_NMD,2.0,10.0,0.0,3.0,0.0,45.0,4809.0,60.0,3.0,Need Resampling
248,10791595.0,OIL/NGY-PE2-SUB-30XD009/161117@1852,11/29/2016 0:00,NMD,LDP_ELE_NMD,30XD009_NMD,1.0,18.0,0.0,2.0,0.0,48.0,1040.0,69.0,1.0,No fault
249,10791601.0,OIL/NGY-PE2-SUB-30XD011/161117@1852,11/29/2016 0:00,NMD,LDP_ELE_NMD,30XD011_NMD,1.0,18.0,0.0,2.0,0.0,59.0,2510.0,80.0,2.0,Need Resampling
250,10784824.0,OIL/NGY-PP1-SUB-40XD001/151117@1839,11/30/2016 0:00,NMD,PP_ELE_NMD,40XD001_NMD,1.0,27.0,0.0,3.0,0.0,41.0,3157.0,72.0,2.0,Need Resampling
251,10784830.0,OIL/NGY-PP1-SUB-40XD002/151117@1839,11/30/2016 0:00,NMD,PP_ELE_NMD,40XD002_NMD,1.0,18.0,0.0,0.0,0.0,25.0,1889.0,44.0,1.0,No fault
252,10784837.0,OIL/NGY-PP1-SUB-40XD003/151117@1839,11/30/2016 0:00,NMD,PP_ELE_NMD,40XD003_NMD,3.0,33.0,0.0,3.0,2.0,347.0,4877.0,388.0,3.0,Need Resampling
253,10784843.0,OIL/NGY-PP1-SUB-40XD007/151117@1839,11/30/2016 0:00,NMD,PP_ELE_NMD,40XD007_NMD,2.0,27.0,0.0,2.0,1.0,153.0,2287.0,185.0,1.0,No fault
254,10791616.0,OIL/NGF-PET-SUB-65XD00001/161117@1852,11/30/2016 0:00,NMD,RPET_ELE_NMD,65XD00001_NMD,1.0,3.0,0.0,2.0,0.0,26.0,1378.0,32.0,1.0,No fault
255,10791642.0,OIL/NGF-PET-SUB-65XD00002/161117@1852,11/30/2016 0:00,NMD,RPET_ELE_NMD,65XD00002_NMD,1.0,4.0,0.0,0.0,0.0,21.0,1244.0,26.0,1.0,No fault
256,10791653.0,OIL/NGV-CES-NPL-TS-90TR01/161117@1852,11/30/2016 0:00,NMD,TOWNSHIP_ELE_NMD,90TR01_NMD,1.0,4.0,0.0,3.0,0.0,47.0,3149.0,55.0,2.0,Need Resampling
257,10791657.0,OIL/NGV-CES-NPL-TS-90TR02/161117@1852,11/30/2016 0:00,NMD,TOWNSHIP_ELE_NMD,90TR02_NMD,1.0,4.0,0.0,5.0,0.0,45.0,2406.0,55.0,1.0,No fault
258,10791662.0,OIL/NGV-CES-NPL-TS-90TR05/161117@1852,11/30/2016 0:00,NMD,TOWNSHIP_ELE_NMD,90TR05_NMD,1.0,4.0,0.0,0.0,0.0,21.0,1077.0,26.0,1.0,No fault
259,10791673.0,OIL/NGV-CES-NPL-TS-90TR03/161117@1852,11/30/2016 0:00,NMD,TOWNSHIP_ELE_NMD,90TR03_NMD,1.0,5.0,0.0,2.0,0.0,32.0,1242.0,40.0,1.0,No fault
260,10791677.0,OIL/NGV-CES-NPL-TS-90TR04/161117@1852,11/30/2016 0:00,NMD,TOWNSHIP_ELE_NMD,90TR04_NMD,1.0,4.0,0.0,3.0,0.0,24.0,1729.0,32.0,1.0,No fault
261,10988153.0,OIL/NGU-CPP-SUB-72XD01/151217@1844,11/30/2016 0:00,NMD,CPP_ELE_NMD,72XD01_NMD,16.0,25.0,0.0,82.0,13.0,23.0,1369.0,159.0,2.0,Need Resampling
262,10988182.0,OIL/NGU-CPP-SUB-72XD02/151217@1844,11/30/2016 0:00,NMD,CPP_ELE_NMD,72XD02_NMD,4.0,24.0,0.0,37.0,6.0,23.0,1240.0,94.0,1.0,No fault
263,10988194.0,OIL/NGU-CPP-SUB-72XD03/151217@1844,11/30/2016 0:00,NMD,CPP_ELE_NMD,72XD03_NMD,1.0,23.0,0.0,2.0,0.0,25.0,1534.0,51.0,1.0,No fault
264,10988228.0,OIL/NGU-CPP-SUB-72XD04/151217@1844,11/30/2016 0:00,NMD,CPP_ELE_NMD,72XD04_NMD,1.0,21.0,0.0,2.0,2.0,23.0,1469.0,49.0,1.0,No fault
265,10988236.0,OIL/NGU-CPP-SUB-72XD05/151217@1844,11/30/2016 0:00,NMD,CPP_ELE_NMD,72XD05_NMD,1.0,4.0,0.0,0.0,0.0,12.0,915.0,17.0,1.0,No fault
266,10988243.0,OIL/NGU-CPP-SUB-72XE01/151217@1844,11/30/2016 0:00,NMD,CPP_ELE_NMD,72XE01_NMD,1.0,16.0,0.0,2.0,0.0,45.0,1435.0,64.0,1.0,No fault
267,10784826.0,OIL/NGY-PP1-SUB-40XD001/151117@1839,6/27/2014 0:00,NMD,PP_ELE_NMD,40XD001_NMD,3.0,13.0,0.0,5.0,0.0,142.0,6087.0,163.0,3.0,Need Resampling
268,10784832.0,OIL/NGY-PP1-SUB-40XD002/151117@1839,6/27/2014 0:00,NMD,PP_ELE_NMD,40XD002_NMD,3.0,9.0,0.0,1.0,0.0,97.0,3598.0,110.0,2.0,Need Resampling
269,10784839.0,OIL/NGY-PP1-SUB-40XD003/151117@1839,6/27/2014 0:00,NMD,PP_ELE_NMD,40XD003_NMD,4.0,55.0,1.0,2.0,0.0,544.0,4751.0,606.0,3.0,Need Resampling
270,10784845.0,OIL/NGY-PP1-SUB-40XD007/151117@1839,6/27/2014 0:00,NMD,PP_ELE_NMD,40XD007_NMD,3.0,27.0,2.0,3.0,0.0,379.0,5211.0,414.0,3.0,Need Resampling
271,10789634.0,OIL/NGY-PE2-SUB-30XD010/161117@1119,6/27/2014 0:00,NMD,LDP_ELE_NMD,30XD010_NMD,2.0,9.0,1.0,9.0,0.0,98.0,4610.0,119.0,3.0,Need Resampling
272,10789643.0,OIL/NGY-PE2-SUB-30XD001/161117@1119,6/27/2014 0:00,NMD,LDP_ELE_NMD,30XD001_NMD,2.0,17.0,3.0,19.0,1.0,63.0,1892.0,105.0,2.0,Need Resampling
273,10789695.0,OIL/NGY-PE2-SUB-30XD002/161117@1137,6/27/2014 0:00,NMD,LDP_ELE_NMD,30XD002_NMD,2.0,12.0,0.0,4.0,0.0,81.0,2776.0,99.0,2.0,Need Resampling
274,10789708.0,OIL/NGY-PE2-SUB-30XD003/161117@1137,6/27/2014 0:00,NMD,LDP_ELE_NMD,30XD003_NMD,2.0,42.0,1.0,4.0,0.0,95.0,5057.0,144.0,3.0,Need Resampling
275,10791564.0,OIL/NGY-PE2-SUB-30XD004/161117@1852,6/27/2014 0:00,NMD,LDP_ELE_NMD,30XD004_NMD,2.0,19.0,1.0,11.0,0.0,117.0,4640.0,150.0,3.0,Need Resampling
276,10791569.0,OIL/NGY-PE2-SUB-30XD005/161117@1852,6/27/2014 0:00,NMD,LDP_ELE_NMD,30XD005_NMD,2.0,27.0,0.0,6.0,0.0,145.0,4696.0,180.0,3.0,Need Resampling
277,10791573.0,OIL/NGY-PE2-SUB-30XD006/161117@1852,6/27/2014 0:00,NMD,LDP_ELE_NMD,30XD006_NMD,2.0,53.0,1.0,7.0,0.0,66.0,3089.0,129.0,2.0,Need Resampling
278,10791583.0,OIL/NGY-PE2-SUB-30XD007/161117@1852,6/27/2014 0:00,NMD,LDP_ELE_NMD,30XD007_NMD,1.0,11.0,0.0,6.0,0.0,108.0,4156.0,126.0,3.0,Need Resampling
279,10791591.0,OIL/NGY-PE2-SUB-30XD008/161117@1852,6/27/2014 0:00,NMD,LDP_ELE_NMD,30XD008_NMD,3.0,11.0,0.0,2.0,0.0,121.0,3279.0,137.0,2.0,Need Resampling
280,10791597.0,OIL/NGY-PE2-SUB-30XD009/161117@1852,6/27/2014 0:00,NMD,LDP_ELE_NMD,30XD009_NMD,1.0,20.0,0.0,1.0,0.0,50.0,737.0,72.0,1.0,No fault
281,10791603.0,OIL/NGY-PE2-SUB-30XD011/161117@1852,6/27/2014 0:00,NMD,LDP_ELE_NMD,30XD011_NMD,3.0,40.0,1.0,2.0,0.0,206.0,5096.0,252.0,3.0,Need Resampling
282,10988156.0,OIL/NGU-CPP-SUB-72XD01/151217@1844,6/27/2014 0:00,NMD,CPP_ELE_NMD,72XD01_NMD,3.0,37.0,2.0,12.0,0.0,58.0,1595.0,112.0,2.0,Need Resampling
283,10988184.0,OIL/NGU-CPP-SUB-72XD02/151217@1844,6/27/2014 0:00,NMD,CPP_ELE_NMD,72XD02_NMD,7.0,46.0,6.0,53.0,0.0,63.0,1519.0,175.0,2.0,Need Resampling
284,10988197.0,OIL/NGU-CPP-SUB-72XD03/151217@1844,6/27/2014 0:00,NMD,CPP_ELE_NMD,72XD03_NMD,2.0,11.0,1.0,5.0,0.0,63.0,2535.0,82.0,2.0,Need Resampling
285,10988230.0,OIL/NGU-CPP-SUB-72XD04/151217@1844,6/27/2014 0:00,NMD,CPP_ELE_NMD,72XD04_NMD,1.0,4.0,0.0,2.0,0.0,55.0,2405.0,62.0,1.0,No fault
286,10988238.0,OIL/NGU-CPP-SUB-72XD05/151217@1844,6/27/2014 0:00,NMD,CPP_ELE_NMD,72XD05_NMD,1.0,49.0,0.0,1.0,0.0,31.0,2333.0,82.0,1.0,No fault
287,10988245.0,OIL/NGU-CPP-SUB-72XE01/151217@1844,6/27/2014 0:00,NMD,CPP_ELE_NMD,72XE01_NMD,1.0,35.0,0.0,2.0,0.0,58.0,2475.0,96.0,1.0,No fault
288,10988250.0,OIL/NGU-CPP-SUB-72XE02/151217@1844,6/27/2014 0:00,NMD,CPP_ELE_NMD,72XE02_NMD,1.0,3.0,1.0,9.0,0.0,105.0,2342.0,119.0,1.0,No fault
289,10789633.0,OIL/NGY-PE2-SUB-30XD010/161117@1119,7/16/2015 0:00,NMD,LDP_ELE_NMD,30XD010_NMD,2.0,8.0,0.0,14.0,2.0,155.0,4776.0,181.0,3.0,Need Resampling
290,10789642.0,OIL/NGY-PE2-SUB-30XD001/161117@1119,7/16/2015 0:00,NMD,LDP_ELE_NMD,30XD001_NMD,2.0,12.0,2.0,18.0,1.0,78.0,1932.0,113.0,2.0,Need Resampling
291,10789694.0,OIL/NGY-PE2-SUB-30XD002/161117@1137,7/16/2015 0:00,NMD,LDP_ELE_NMD,30XD002_NMD,2.0,12.0,0.0,4.0,0.0,94.0,2729.0,112.0,2.0,Need Resampling
292,10789707.0,OIL/NGY-PE2-SUB-30XD003/161117@1137,7/16/2015 0:00,NMD,LDP_ELE_NMD,30XD003_NMD,2.0,13.0,0.0,4.0,1.0,138.0,5251.0,158.0,3.0,Need Resampling
293,10791563.0,OIL/NGY-PE2-SUB-30XD004/161117@1852,7/16/2015 0:00,NMD,LDP_ELE_NMD,30XD004_NMD,2.0,3.0,0.0,14.0,1.0,126.0,4792.0,146.0,3.0,Need Resampling
294,10791568.0,OIL/NGY-PE2-SUB-30XD005/161117@1852,7/16/2015 0:00,NMD,LDP_ELE_NMD,30XD005_NMD,2.0,6.0,0.0,8.0,1.0,151.0,4858.0,168.0,3.0,Need Resampling
295,10791572.0,OIL/NGY-PE2-SUB-30XD006/161117@1852,7/16/2015 0:00,NMD,LDP_ELE_NMD,30XD006_NMD,2.0,42.0,0.0,10.0,1.0,111.0,3208.0,166.0,2.0,Need Resampling
296,10791582.0,OIL/NGY-PE2-SUB-30XD007/161117@1852,7/16/2015 0:00,NMD,LDP_ELE_NMD,30XD007_NMD,2.0,4.0,0.0,6.0,1.0,115.0,4388.0,128.0,3.0,Need Resampling
297,10791590.0,OIL/NGY-PE2-SUB-30XD008/161117@1852,7/16/2015 0:00,NMD,LDP_ELE_NMD,30XD008_NMD,4.0,8.0,0.0,3.0,1.0,170.0,3566.0,186.0,2.0,Need Resampling
298,10791596.0,OIL/NGY-PE2-SUB-30XD009/161117@1852,7/16/2015 0:00,NMD,LDP_ELE_NMD,30XD009_NMD,3.0,11.0,0.0,2.0,2.0,101.0,1353.0,119.0,1.0,No fault
299,10791602.0,OIL/NGY-PE2-SUB-30XD011/161117@1852,7/16/2015 0:00,NMD,LDP_ELE_NMD,30XD011_NMD,2.0,25.0,0.0,2.0,0.0,236.0,5214.0,265.0,3.0,Need Resampling
300,10988195.0,OIL/NGU-CPP-SUB-72XD03/151217@1844,7/16/2015 0:00,NMD,CPP_ELE_NMD,72XD03_NMD,2.0,7.0,0.0,3.0,1.0,65.0,2650.0,78.0,2.0,Need Resampling
301,10988229.0,OIL/NGU-CPP-SUB-72XD04/151217@1844,7/16/2015 0:00,NMD,CPP_ELE_NMD,72XD04_NMD,2.0,13.0,0.0,2.0,1.0,66.0,2704.0,84.0,2.0,Need Resampling
302,10988244.0,OIL/NGU-CPP-SUB-72XE01/151217@1844,7/16/2015 0:00,NMD,CPP_ELE_NMD,72XE01_NMD,1.0,12.0,0.0,3.0,0.0,66.0,2621.0,82.0,2.0,Need Resampling
303,10791584.0,OIL/NGY-PE2-SUB-30XD007/161117@1852,4/8/2017 0:00,NMD,LDP_ELE_NMD,30XD007_NMD,1.0,2.0,0.0,15.0,0.0,108.0,3192.0,126.0,2.0,Need Resampling
304,10791604.0,OIL/NGY-PE2-SUB-30XD011/161117@1852,4/8/2017 0:00,NMD,LDP_ELE_NMD,30XD011_NMD,3.0,0.0,0.0,5.0,0.0,149.0,4612.0,157.0,3.0,Need Resampling
305,10791617.0,OIL/NGF-PET-SUB-65XD00001/161117@1852,7/18/2015 0:00,NMD,RPET_ELE_NMD,65XD00001_NMD,2.0,29.0,0.0,3.0,1.0,82.0,3093.0,117.0,2.0,Need Resampling
306,10791643.0,OIL/NGF-PET-SUB-65XD00002/161117@1852,7/18/2015 0:00,NMD,RPET_ELE_NMD,65XD00002_NMD,3.0,33.0,0.0,1.0,1.0,80.0,3161.0,118.0,2.0,Need Resampling
307,10791654.0,OIL/NGV-CES-NPL-TS-90TR01/161117@1852,7/18/2015 0:00,NMD,TOWNSHIP_ELE_NMD,90TR01_NMD,3.0,4.0,0.0,6.0,4.0,187.0,4718.0,204.0,3.0,Need Resampling
308,10791658.0,OIL/NGV-CES-NPL-TS-90TR02/161117@1852,7/18/2015 0:00,NMD,TOWNSHIP_ELE_NMD,90TR02_NMD,2.0,26.0,0.0,9.0,1.0,155.0,3449.0,193.0,2.0,Need Resampling
309,10791663.0,OIL/NGV-CES-NPL-TS-90TR05/161117@1852,7/18/2015 0:00,NMD,TOWNSHIP_ELE_NMD,90TR05_NMD,2.0,6.0,0.0,1.0,0.0,394.0,2834.0,403.0,2.0,Need Resampling
310,10791674.0,OIL/NGV-CES-NPL-TS-90TR03/161117@1852,7/18/2015 0:00,NMD,TOWNSHIP_ELE_NMD,90TR03_NMD,3.0,36.0,0.0,2.0,1.0,107.0,2369.0,149.0,1.0,No fault
311,10988254.0,OIL/NGU-CPP-SWY-70SYT1220KV/151217@1844,7/18/2015 0:00,NMD,CPP_ELE_NMD,70SYT1220KV_NMD,28.0,114.0,12.0,16.0,19.0,243.0,2120.0,432.0,3.0,Need Resampling
312,10988258.0,OIL/NGU-CPP-SWY-70SYT2220KV/151217@1844,7/18/2015 0:00,NMD,CPP_ELE_NMD,70SYT2220KV_NMD,32.0,65.0,19.0,18.0,29.0,195.0,3777.0,358.0,3.0,Need Resampling
313,10791618.0,OIL/NGF-PET-SUB-65XD00001/161117@1852,7/1/2014 0:00,NMD,RPET_ELE_NMD,65XD00001_NMD,2.0,45.0,0.0,2.0,0.0,64.0,2838.0,113.0,2.0,Need Resampling
314,10791644.0,OIL/NGF-PET-SUB-65XD00002/161117@1852,7/1/2014 0:00,NMD,RPET_ELE_NMD,65XD00002_NMD,2.0,48.0,0.0,0.0,0.0,77.0,2917.0,127.0,2.0,Need Resampling
315,10791655.0,OIL/NGV-CES-NPL-TS-90TR01/161117@1852,7/1/2014 0:00,NMD,TOWNSHIP_ELE_NMD,90TR01_NMD,3.0,19.0,1.0,5.0,0.0,147.0,4191.0,175.0,3.0,Need Resampling
316,10791659.0,OIL/NGV-CES-NPL-TS-90TR02/161117@1852,7/1/2014 0:00,NMD,TOWNSHIP_ELE_NMD,90TR02_NMD,2.0,38.0,1.0,7.0,0.0,118.0,2503.0,166.0,2.0,Need Resampling
317,10791675.0,OIL/NGV-CES-NPL-TS-90TR03/161117@1852,7/1/2014 0:00,NMD,TOWNSHIP_ELE_NMD,90TR03_NMD,2.0,49.0,1.0,2.0,0.0,79.0,2278.0,133.0,1.0,No fault
318,10791678.0,OIL/NGV-CES-NPL-TS-90TR04/161117@1852,7/1/2014 0:00,NMD,TOWNSHIP_ELE_NMD,90TR04_NMD,2.0,58.0,0.0,7.0,0.0,235.0,3728.0,302.0,2.0,Need Resampling
